[
  {
    "title": "What Are Google SEO Services?",
    "content": "<p class=\"text-lg md:text-xl font-medium leading-relaxed mb-6 text-gray-200\">Google SEO Services encompass strategies to improve your website's visibility on search engines, driving organic traffic and enhancing user experience. These services include <span class=\"font-bold text-red-400\">Website Audit Reports</span>, <span class=\"font-bold text-red-400\">On-Page SEO</span>, <span class=\"font-bold text-red-400\">Off-Page SEO</span>, and <span class=\"font-bold text-red-400\">Technical SEO</span> to ensure your site ranks higher.</p><p class=\"text-lg md:text-xl font-medium leading-relaxed mb-6 text-gray-200\"><span class=\"font-bold text-red-400\">Our Approach:</span> At Jaikvik Technology, we provide comprehensive SEO solutions tailored to your business needs. Our audits identify performance gaps, while our SEO strategies optimize content, backlinks, and technical aspects to boost rankings.</p><p class=\"text-lg md:text-xl font-medium leading-relaxed mb-6 text-gray-200\"><span class=\"font-bold text-red-400\">Long-Term Success:</span> Our approach ensures long-term success by aligning with Google's algorithms and best practices.</p><div class=\"mt-6\"><h3 class=\"text-xl font-bold text-red-400 mb-4\">Advanced Strategies:</h3><p class=\"text-lg md:text-xl font-medium leading-relaxed mb-6 text-gray-200\">We combine keyword research, content optimization, and technical fixes to enhance your site's authority. Our team uses tools like Google Analytics and Search Console to monitor performance and adapt strategies for maximum ROI.</p><h3 class=\"text-xl font-bold text-red-400 mb-4\">Case Study:</h3><p class=\"text-lg md:text-xl font-medium leading-relaxed text-gray-200\">For example, an e-commerce site could see a 50% increase in organic traffic within months through our targeted SEO campaigns, while a local business might improve local search rankings with optimized Google My Business profiles.</p></div>",
    "image": "https://img.freepik.com/free-photo/magnifying-glass-with-seo-concepts_1134-81.jpg",
    "alt": "SEO Services Overview",
    "id": "google-seo"
  },
  {
    "title": "What Is a Website Audit Report?",
    "content": "<p class=\"text-lg md:text-xl font-medium leading-relaxed mb-6 text-gray-200\">A Website Audit Report is a detailed analysis of your website's performance, identifying issues affecting SEO, usability, and speed. It covers:</p><h3 class=\"text-xl font-bold text-red-400 mb-4\">Technical Issues:</h3><p class=\"text-lg md:text-xl font-medium leading-relaxed mb-6 text-gray-200\">Broken links, slow loading times, and mobile responsiveness.</p><h3 class=\"text-xl font-bold text-red-400 mb-4\">Content Gaps:</h3><p class=\"text-lg md:text-xl font-medium leading-relaxed mb-6 text-gray-200\">Missing keywords, duplicate content, and thin pages.</p><div class=\"mt-6\"><h3 class=\"text-xl font-bold text-red-400 mb-4\">Security Concerns:</h3><p class=\"text-lg md:text-xl font-medium leading-relaxed mb-6 text-gray-200\">SSL issues, outdated plugins, and vulnerable code.</p><h3 class=\"text-xl font-bold text-red-400 mb-4\">Our Expertise:</h3><p class=\"text-lg md:text-xl font-medium leading-relaxed mb-6 text-gray-200\">Jaikvik Technology's audits provide actionable recommendations to fix issues and improve rankings. Our reports include prioritized tasks, such as optimizing meta tags or fixing crawl errors, to enhance your site's performance.</p><h3 class=\"text-xl font-bold text-red-400 mb-4\">Results:</h3><p class=\"text-lg md:text-xl font-medium leading-relaxed text-gray-200\">For instance, a client reduced bounce rates by 30% after implementing our audit recommendations, leading to higher engagement and conversions.</p></div>",
    "image": "https://img.freepik.com/free-photo/seo-website-development-data-network-concept_53876-127578.jpg",
    "alt": "Website Audit Report",
    "reverse": true,
    "id": "website-audit"
  },
  {
    "title": "On-Page SEO: Optimizing Content",
    "content": "<p class=\"text-lg md:text-xl font-medium leading-relaxed mb-6 text-gray-200\">On-Page SEO focuses on optimizing individual web pages to rank higher. Key elements include:</p><h3 class=\"text-xl font-bold text-red-400 mb-4\">Keyword Optimization:</h3><p class=\"text-lg md:text-xl font-medium leading-relaxed mb-6 text-gray-200\">Using relevant keywords in titles, headers, and content.</p><h3 class=\"text-xl font-bold text-red-400 mb-4\">Content Quality:</h3><p class=\"text-lg md:text-xl font-medium leading-relaxed mb-6 text-gray-200\">Creating engaging, informative content that meets user intent.</p><h3 class=\"text-xl font-bold text-red-400 mb-4\">Meta Tags:</h3><p class=\"text-lg md:text-xl font-medium leading-relaxed mb-6 text-gray-200\">Crafting compelling meta titles and descriptions.</p><div class=\"mt-6\"><h3 class=\"text-xl font-bold text-red-400 mb-4\">Image Optimization:</h3><p class=\"text-lg md:text-xl font-medium leading-relaxed mb-6 text-gray-200\">Using alt text and compressed images for faster load times.</p><h3 class=\"text-xl font-bold text-red-400 mb-4\">Internal Linking:</h3><p class=\"text-lg md:text-xl font-medium leading-relaxed mb-6 text-gray-200\">Connecting related pages to improve navigation and dwell time.</p><h3 class=\"text-xl font-bold text-red-400 mb-4\">Our Impact:</h3><p class=\"text-lg md:text-xl font-medium leading-relaxed text-gray-200\">Jaikvik Technology's On-Page SEO services ensure your content is user-friendly and search-engine optimized. Our clients have seen up to a 40% increase in click-through rates after optimizing meta descriptions and headers.</p></div>",
    "image": "https://img.freepik.com/premium-photo/seo-word-written-computer_192941-1129.jpg",
    "alt": "On-Page SEO",
    "id": "on-page-seo"
  },
  {
    "title": "Off-Page SEO: Building Authority",
    "content": "<p class=\"text-lg md:text-xl font-medium leading-relaxed mb-6 text-gray-200\">Off-Page SEO enhances your website's authority through external factors:</p><h3 class=\"text-xl font-bold text-red-400 mb-4\">Backlink Building:</h3><p class=\"text-lg md:text-xl font-medium leading-relaxed mb-6 text-gray-200\">Acquiring high-quality backlinks from reputable sites.</p><h3 class=\"text-xl font-bold text-red-400 mb-4\">Social Signals:</h3><p class=\"text-lg md:text-xl font-medium leading-relaxed mb-6 text-gray-200\">Leveraging social media to boost brand visibility.</p><div class=\"mt-6\"><h3 class=\"text-xl font-bold text-red-400 mb-4\">Guest Posting:</h3><p class=\"text-lg md:text-xl font-medium leading-relaxed mb-6 text-gray-200\">Publishing content on authoritative blogs to drive traffic.</p><h3 class=\"text-xl font-bold text-red-400 mb-4\">Local Citations:</h3><p class=\"text-lg md:text-xl font-medium leading-relaxed mb-6 text-gray-200\">Listing your business on directories like Yelp and Google My Business.</p><h3 class=\"text-xl font-bold text-red-400 mb-4\">Our Strategy:</h3><p class=\"text-lg md:text-xl font-medium leading-relaxed text-gray-200\">Jaikvik Technology's Off-Page SEO strategies focus on ethical link-building and brand mentions, resulting in a 25% increase in domain authority for clients within six months.</p></div>",
    "image": "https://img.freepik.com/premium-photo/seo-search-engine-optimization-modish-ecommerce-online-retail-business_31965-63120.jpg",
    "alt": "Off-Page SEO",
    "reverse": true,
    "id": "off-page-seo"
  },
  {
    "title": "Technical SEO: Enhancing Performance",
    "content": "<p class=\"text-lg md:text-xl font-medium leading-relaxed mb-6 text-gray-200\">Technical SEO optimizes your website's infrastructure for better crawling and indexing:</p><h3 class=\"text-xl font-bold text-red-400 mb-4\">Site Speed:</h3><p class=\"text-lg md:text-xl font-medium leading-relaxed mb-6 text-gray-200\">Reducing load times with caching and compression.</p><h3 class=\"text-xl font-bold text-red-400 mb-4\">Mobile Optimization:</h3><p class=\"text-lg md:text-xl font-medium leading-relaxed mb-6 text-gray-200\">Ensuring responsive design for all devices.</p><h3 class=\"text-xl font-bold text-red-400 mb-4\">XML Sitemaps:</h3><p class=\"text-lg md:text-xl font-medium leading-relaxed mb-6 text-gray-200\">Helping search engines navigate your site.</p><div class=\"mt-6\"><h3 class=\"text-xl font-bold text-red-400 mb-4\">Schema Markup:</h3><p class=\"text-lg md:text-xl font-medium leading-relaxed mb-6 text-gray-200\">Adding structured data to improve rich snippets.</p><h3 class=\"text-xl font-bold text-red-400 mb-4\">Security:</h3><p class=\"text-lg md:text-xl font-medium leading-relaxed mb-6 text-gray-200\">Implementing HTTPS and fixing vulnerabilities.</p><h3 class=\"text-xl font-bold text-red-400 mb-4\">Our Results:</h3><p class=\"text-lg md:text-xl font-medium leading-relaxed text-gray-200\">Jaikvik Technology's Technical SEO services improve site performance, with clients reporting a 35% reduction in page load times and higher rankings after fixes.</p></div>",
    "image": "https://img.freepik.com/premium-photo/seo-search-engine-optimization-modish-ecommerce-online-retail-business_31965-46392.jpg",
    "alt": "Technical SEO",
    "id": "technical-seo"
  }
]
