{
  "meta": {
    "title": "Film Production Services",
    "description": "Professional film production services by Jaikvik Technology",
    "adminTheme": "dark-red",
    "lastUpdated": "2023-11-15T10:00:00Z"
  },
  "sections": {
    "film-production": {
      "title": "Introduction To Our Film Production Services",
      "content": [
        {
          "type": "paragraph",
          "text": "Jaikvik Technology places before you and above all else the matter of professional film production. Our offerings include corporate video presentations, product explanatory videos, TV commercials, YouTube ads, and photoshoots for models and interviews. There is an experienced team of filmmakers, editors, and competent professionals who ensure that every project is worked on with a great deal of precision, creativity, and impact. The team is committed to making tasty art and fun in every frame, a nice corporate video, and an awesome photoshoot."
        },
        {
          "type": "paragraph",
          "text": "Corporate video presentation, to catch dreams of clients, workers, and potential financiers, is very important. It embodies the spirit of the company through almost powerful, dynamic storytelling. The storytelling, of course, does not only talk about your product but gives a voice to how you situate yourself as a company."
        },
        {
          "type": "paragraph",
          "text": "With a combination of readily engaging slides, dynamic visuals, and the best custom software to tell your story, we can dramatically boost your presentation. Delivery of a simple, effective message will not just complement your fantastic look but also enforce the id."
        }
      ],
      "image": "https://img.freepik.com/premium-photo/close-up-camera_1048944-3803309.jpg",
      "alt": "Film Production Services",
      "order": 1,
      "active": true
    },
    "corporate-video": {
      "title": "Corporate Video Presentation",
      "content": [
        {
          "type": "paragraph",
          "text": "A corporate video represents one of the most effective tools in the hands of a company to demonstrate its vision, values, and capabilities before clients, employees, and potential financiers. It is the need of the hour to protect your brand's story and the products or services or even the company culture so that in a dynamic manner will it be viewed globally. Corporate videos are meant to work across several platforms, be it on company websites, placed on social media, or used effectively in trade shows, meetings, or presentations."
        },
        {
          "type": "paragraph",
          "text": "Book your custom corporate video show, with narration that will tell the full story behind your brand, invariably in an animated way. Working with you on a particular occasion of the launching of a new product, introduction of a business to new customers, or a presentation on your progress inward whichever it may be, we create conceptual, specific, and imaginative content in line with your overall branding."
        },
        {
          "type": "heading",
          "text": "The Importance of Corporate Video Presentations"
        },
        {
          "type": "list",
          "items": [
            {
              "title": "Fostering Branding:",
              "text": "A corporate video tells the world how your brand sounds, feels, and breathes in tune with your target market."
            },
            {
              "title": "Creating Engagement:",
              "text": "Naturally, video content accounts for the highest contact versus text. Each is marketing to gain quick attention and a strong interest in learning further about the company."
            },
            {
              "title": "Builds Trust:",
              "text": "By humanizing your business, a corporate video presentation will infer some trust in its name possibilities with regard to clients, prospects, partners, and all other stakeholders."
            },
            {
              "title": "Communicate Ideas:",
              "text": "Videos tend to encapsulate high and complex ideas or procedures rendering them achievable to appreciate."
            }
          ]
        },
        {
          "type": "heading",
          "text": "Reasons To Choose Us"
        },
        {
          "type": "paragraph",
          "text": "At Jaikvik Technology, any request of production work or shoot will be met to serve the purposes vying at marketing your corporate video presentation. Every segment is organized to enable the audience to relate to your brand story across the globe."
        }
      ],
      "image": "https://img.freepik.com/free-photo/arrangement-cinema-elements-blue-background-with-copy-space_23-2148506001.jpg",
      "alt": "Corporate Video Presentation",
      "order": 2,
      "active": true,
      "reverse": true
    },
    "product-explainer": {
      "title": "Product Explainer Video",
      "content": [
        {
          "type": "paragraph",
          "text": "A product explanation video is your ticket to customers' minds if you want to show them how well your product is useful, what good its functionality does, and why they should use it. If your business is about to start up a new product, implement a service-based product, or regularize an existing one, the perfect product would be an explanatory creation, one that sets thought-provoking questions on a critical target while explaining the most demanding abilities and selling points to customers in clear and straightforward language."
        },
        {
          "type": "paragraph",
          "text": "At Jaikvik Technology, our prime directive is to create product explanation videos aimed at targeting the specific audience group you've outlined. The team supports you at every step and in any medium explanatory video. Based on a comprehensive analysis of your product's benefits, target audience, and corporate goals, our skilled staff produces visually appealing animations and video content with professional voice-overs that bring your product to life for your customers in a very engaging and persuasive manner."
        },
        {
          "type": "heading",
          "text": "Why Are Product Explainer Videos Important?"
        },
        {
          "type": "paragraph",
          "text": "An excellently crafted product explainer video can really refine your marketing strategy. It impresses the potential buyers that come across it to convert. These days, with more people consuming visual content, videos are a good means to grab and hold attention, thereby increasing retention rates. Studies say that watchers are almost 64-85% more likely to purchase by watching a product video and for good reason. There is a considerable leap in the conversion rates for companies that place videos on their product pages and websites."
        },
        {
          "type": "heading",
          "text": "The Good Things About Product Explainer Videos"
        },
        {
          "type": "list",
          "items": [
            {
              "title": "Simplifies Complex Products:",
              "text": "No matter how complex your product is, the explanatory video clearly presents a descendant functionality of that product and presents its features in the simplest of ways."
            },
            {
              "title": "Boosts Engagement:",
              "text": "A captivating video captures the focus of the viewer to a greater extent than mere text or static images and becomes very popular for sharing on social platforms that in turn help the extent of your product."
            },
            {
              "title": "Enhances Customer Understanding:",
              "text": "By producing a well-crafted video, one hardly needs to ask customer service again about how the process flows and how the product itself operates."
            },
            {
              "title": "Boosts Conversions:",
              "text": "One study demonstrates that product videos do boost conversion, thereby helping convert prospective buyers into ultimate buyers."
            }
          ]
        }
      ],
      "image": "https://img.freepik.com/premium-photo/video-production-backstage-scenes-creating-video-content-professional-team_124865-39894.jpg",
      "alt": "Product Explainer Videos",
      "order": 3,
      "active": true
    },
    "tv-commercial": {
      "title": "TV Commercial Ads",
      "content": [
        {
          "type": "paragraph",
          "text": "TV commercials are one of the most impactful forms of advertising, allowing everyone to see an advert with a unique target audience. Primarily, a well-produced advert is good for making the brand (or product) appreciated while also drawing audience attention toward sales. TV commercials allow brand promotion (knowing something about the brand) and result in making a kind of \"identity\" with any given audience."
        },
        {
          "type": "paragraph",
          "text": "We specialize in the development of compelling TV commercial ads that are also bull's-eye to engage the target market. Our experienced creative team works closely with the client to gain a full understanding of their brand goals, brand, products, etc., thus enabling the commercial to be positioned the way it should. We cover at least two forms of TV commercials for our clients - a beautiful full-on brand commercial and a shorter, brand-audience-building effort."
        },
        {
          "type": "heading",
          "text": "Why is an Advertisement on Television Ad Considered Creative Outreach?"
        },
        {
          "type": "list",
          "items": [
            {
              "title": "Wide Reach:",
              "text": "TV commercials reach a broad and diverse audience, maximizing brand exposure."
            },
            {
              "title": "Memorable Impact:",
              "text": "Creative and engaging commercials leave a lasting impression on viewers."
            },
            {
              "title": "Credibility:",
              "text": "Advertising on TV enhances brand trustworthiness and authority."
            }
          ]
        }
      ],
      "image": "https://img.freepik.com/free-photo/press-reporter-fallowing-leads-case_23-2149579746.jpg",
      "alt": "TV Commercial Ads",
      "order": 4,
      "active": true,
      "reverse": true
    },
    "youtube-ads": {
      "title": "YouTube Video",
      "content": [
        {
          "type": "paragraph",
          "text": "The concept presented here is quite simple: a brand like yours can create some powerful YouTube advertisements. With billions of viewers hailing from every corner of the planet, YouTube functions as a stage ideal for showcasing anybody's business, services, and products, all of which are aligned with the story the brand wishes to tell. The choice of media is also very flexible yet captivating, supporting whatever may be the end goal, whether through the creation of brand awareness, driving traffic to a landing page, or raising conversion."
        },
        {
          "type": "paragraph",
          "text": "Our greatest strength has been created in the process of appreciating good YouTube ads. These videos should have content that would make the viewers want to engage. Our experts take great pride in creating innovative and creative forms of visual advertisements—only going from skippable ads to bumper ads and display ads. We focus on animated, information-type clips that help build better actively started service for your brand appearance on YouTube."
        },
        {
          "type": "heading",
          "text": "The Benefits of YouTube Ads"
        },
        {
          "type": "list",
          "items": [
            {
              "title": "Targeted Reach:",
              "text": "Your ad campaign will be targeted for a very specific demographic—such as age, gender, geography, maybe even interests or behavior, and thus, the most right people will view it."
            },
            {
              "title": "Cost-Effective:",
              "text": "It's up to you how much this campaign means to you really, providing budget flexibility that will keep it cost-effective."
            },
            {
              "title": "Conversion:",
              "text": "Ads' analytics allow you to have metrics that let you always monitor them, and record those ads to get some amount of value for views, interactions, and conversions, so it helps you create a campaign that will perform even better."
            }
          ]
        }
      ],
      "image": "https://img.freepik.com/free-photo/man-filming-with-professional-camera_23-2149066342.jpg",
      "alt": "YouTube Ads",
      "order": 5,
      "active": true
    },
    "photoshoot": {
      "title": "Photo Shoot",
      "content": [
        {
          "type": "paragraph",
          "text": "One of the most effective ways to visually uphold your brand, products, or services is via a high-quality photo shoot. Whether you are going for new product lines, marketing material, or sleek portfolios, the professional quality privately done photo sessions will speak volumes. We, at Jaikvik, are good at organizing personalized service packages that cater to the same purposes."
        },
        {
          "type": "paragraph",
          "text": "Our team comprises well-experienced photographers who know what they're making every shot whisk away strains to orbit around your brand spirit. We engage with you in a discursive manner, provoking us to transcribe your dream into crisp, high-quality pictures that tell a tale. Product photography, corporate headshots, lifestyle shoots, and event photography are just a few of the incredible options available to meet your specific needs."
        },
        {
          "type": "heading",
          "text": "Our Photoshoot Services Include"
        },
        {
          "type": "list",
          "items": [
            {
              "title": "Product Photography:",
              "text": "Showcase your products in the market by putting them in the best light possible with crisp, clear, and high-definition images that will reflect their features and favor quality."
            },
            {
              "title": "Corporate Headshots:",
              "text": "Make a professional image for your team with high-quality images that speak both to the professionalism and the personalities of your brand."
            },
            {
              "title": "Lifestyle Photography:",
              "text": "Engage your audience by showing your products or services in actual living situations. The potential customer can see how your offerings can come into play in their lives."
            },
            {
              "title": "Event Photography:",
              "text": "Allow the essence of your events, conventions, shows, and team building to be captured, giving you eternal moments of importance to your business."
            }
          ]
        }
      ],
      "image": "https://img.freepik.com/premium-photo/cinema-camera-film-set-scenes-background-film-crew-production_1048944-12611948.jpg",
      "alt": "Photoshoot Services",
      "order": 6,
      "active": true,
      "reverse": true
    },
    "model-shoot": {
      "title": "Model Shoot",
      "content": [
        {
          "type": "paragraph",
          "text": "Apart from just having high-quality and attention-catching images of the brand, given the visual environment today, it is very important. Model shoots create a spectacular platform to showcase any promotional content, advertised designs, or editorial ideas in an engaging and persuasive manner. Professional model photography offers an environment for serving as an eloquent communication tool in realizing one's vision to ideally interpret poignantly before the consumer."
        },
        {
          "type": "paragraph",
          "text": "We specialize in creating fabulous model shoots, ensuring quality professionalism in every job we carry out, each precisely tailored to every client. We focus on capturing the best angles, lighting, and backdrops that will sell your products or brand beautifully and appealingly. Until the project is completed right from start to finish, we then modify details with your brand promotion in mind."
        },
        {
          "type": "heading",
          "text": "We Cater For"
        },
        {
          "type": "list",
          "items": [
            {
              "title": "Fashion Shoots:",
              "text": "Let it be a clothing line, accessories, or beauty products, fashion shoots offer an opportunity to emphasize the best of your creations. Through these shoots, we will be sure to keep you on top of the trends by crafting images that are like beautiful magazine ads grabbing everyone's attention."
            },
            {
              "title": "Product Promotion:",
              "text": "The contribution of models will bring products to life, and the images will make them more relatable, thus allowing the audience to see themselves around these items. Such image-making is part of online businesses, online shopping coupons, or promotions."
            },
            {
              "title": "Life and Commercial Photography:",
              "text": "These are the points where models would be photographed with your product in actual or aspirational locations to build an emotional bridge between the audience and your product/service. Marketing campaign or social media is its forte."
            },
            {
              "title": "Beauty and Portrait Photography:",
              "text": "With models captured uniformly employed in close-up, half, or full-length portraits, the lighting glamorizes the beauty products."
            }
          ]
        }
      ],
      "image": "https://img.freepik.com/premium-photo/photographer-developing-film-darkroom-red-light_1280275-61227.jpg",
      "alt": "Model Shoot Services",
      "order": 7,
      "active": true
    },
    "interview-videos": {
      "title": "Interviews",
      "content": [
        {
          "type": "paragraph",
          "text": "Interviews are one of the most effective ways in terms of disseminating personal stories, insights, and advice to connect further with your audience. Interviews are typically used in the sphere of corporate communications, industry know-how, employee profiles, or marketing drives as one of the most dynamic and engaging media for message dissemination. At Jaikvik Technology we specialize in the production of powerful interview videos that can relay stories in a most realistic and authentic manner."
        },
        {
          "type": "paragraph",
          "text": "We present our interview services in a way where our real aims are to catch the best moments that would really blossom for the viewer. This may range from interviews in big offices, more famous interviews, to more normal interviews where executives, industry people, or staff members give their accounts in a less formal setting. We look into providing our services under a very polished environment which covers extreme attention to detail. Every professional camera shoot will show attention to lighting, audio, framing, and everything else, to perfection."
        },
        {
          "type": "heading",
          "text": "Our Interview Services"
        },
        {
          "type": "list",
          "items": [
            {
              "title": "Effective Storytelling:",
              "text": "We carry your message to the audience by building a beautiful piece from your voids. We handle all narration to support this, using style both in written forms. As the case may be, we enjoy creating polished, businesslike stories or imbuing materials with the idea of where they fit into personal space."
            },
            {
              "title": "Flexible Formats:",
              "text": "Interviews finding ways into your internal or social media have applications for several causes respectively: reinforcing leadership comms, and many more broad range of applications due to their nature. We offer flexible formats that can cater to your immediate requirements single-camera conditions to one's multi-camera shoot for the most dynamic and engaging outcomes."
            },
            {
              "title": "High Production Value:",
              "text": "The goal of striving to maintain the highest possible quality had been the trademark of the interview production with quality lighting, sound, and visuals. This further makes the interview more appealing visually to the intended target market, while at the same time assuring the highly focused attention of that market with high production."
            },
            {
              "title": "Brand Message:",
              "text": "An interview feeds company ethos, mission, and culture into a personal and meaningful communication, thereby building trust with an audience."
            }
          ]
        }
      ],
      "image": "https://img.freepik.com/premium-photo/silhouette-production-crew-team-working-photo-shooting-studio-lighting-flash-led-headligh_258335-2020.jpg",
      "alt": "Interview Videos",
      "order": 8,
      "active": true,
      "reverse": true
    },
    "faqs": {
      "title": "FAQs for Film Production Services",
      "content": [
        {
          "type": "faq",
          "question": "1. What is a corporate video presentation and why is it necessary?",
          "answer": "A corporate video is a professionally produced piece of video material that portrays the company's core values, services, products, or any other important messages that one wants to communicate to all listeners. A corporate video is effective for both internal and external communications, such as with customers, employees, and investors. It helps in building credibility, expanding brand recognition, and developing trust with the audience. In essence, using video makes it easy to explain the business or brand vision and mission."
        },
        {
          "type": "faq",
          "question": "2. What is the difference between explanatory video designs for products and commercials on television?",
          "answer": "A product explanatory video provides more comprehensive information on the product, that traditionally concentrates on explaining its features, benefits, and how to use it. It is more in-depth, educational, and attention-grabbing. TV commercials are rather short, snappy ads meant to attract immediate attention from consumers toward some desired action. TV commercials are short-lived personal expressions that about their TV view, particularly aimed at brand positioning, promotions, or uplifting sales objectives."
        },
        {
          "type": "faq",
          "question": "3. Why should I spend money on YouTube advertising?",
          "answer": "YouTube is a platform that can help you reach millions of different customers based on your budget to very pinpoint target audiences. With billions of active users, YouTube presents a good chance to connect with potential consumers through focalized ad placement. YouTube channel ads are an innovative way of promoting your brand, increasing your conversion rates, and driving traffic to websites. YouTube videos' broad impact leaves a lasting impression on brand recognition and consumer engagement."
        },
        {
          "type": "faq",
          "question": "4. Are you able to do model shoots for brands?",
          "answer": "Without question! We offer model shoot services such that your brand or product can portray a life. Working alongside professional models, our experienced team ensures to create visuals that mirror your brand's vision. Perfect for fashion brands, e-commerce, and lifestyle—the portfolio includes some fashion, editorial, and outdoor shoots. We can deliver stunning brand images with our breathtaking model shots, whether you require them in a studio setting, for outdoor scenery, or have an editorial look."
        },
        {
          "type": "faq",
          "question": "5. How do you conduct interviews for video production?",
          "answer": "Our interview video services provide an opportunity to allow the audience to engage in content from the heart of the company, the area of their expertise, or even personal experience. Revealing stories with a pre-interview plan, interviewing, along post-production editing the videos. Be it monetization strategies, technology and industry trends, or product design or services, Jaikvik ensures all this is told charmingly and effectively so the narrator attains what they genuinely looked forward to. Interviewing is a superb way to pad videos with a bit of credibility and human interest."
        }
      ],
      "image": "https://img.freepik.com/free-photo/flat-lay-film-elements-white-background_23-2148416833.jpg",
      "alt": "FAQs for Film Production Services",
      "order": 9,
      "active": true
    }
  },
  "hero": {
    "title": "Create Impactful Stories with Film Production",
    "description": "Bring your vision to life with Jaikvik Technology's Film and Media Production Services, crafted to captivate and engage your audience.",
    "image": "https://img.freepik.com/premium-photo/close-up-camera_1048944-3803309.jpg",
    "cta": "Explore Now"
  },
  "cta": {
    "title": "Ready to Tell Your Story with Film Production?",
    "description": "Discover how Jaikvik Technology's film production services can create captivating content to elevate your brand and engage your audience.",
    "button": "Get Started Today"
  }
}
